clip	duration[ms]
common_voice_am_37802246.mp3	9180
common_voice_am_37791305.mp3	6696
common_voice_am_37842350.mp3	4680
common_voice_am_37805167.mp3	4500
common_voice_am_37782936.mp3	3312
common_voice_am_37814413.mp3	6876
common_voice_am_37805209.mp3	4428
common_voice_am_38629788.mp3	8748
common_voice_am_37772411.mp3	3060
common_voice_am_37790333.mp3	7776
common_voice_am_39966177.mp3	7920
common_voice_am_37790584.mp3	5400
common_voice_am_39906912.mp3	5868
common_voice_am_37791300.mp3	7488
common_voice_am_37815123.mp3	3636
common_voice_am_37779487.mp3	5976
common_voice_am_37774959.mp3	4644
common_voice_am_39936930.mp3	5400
common_voice_am_37779566.mp3	8388
common_voice_am_38630559.mp3	7488
common_voice_am_38670133.mp3	5508
common_voice_am_37888662.mp3	4788
common_voice_am_38583116.mp3	7956
common_voice_am_39936908.mp3	8208
common_voice_am_37805239.mp3	3420
common_voice_am_37774952.mp3	7092
common_voice_am_40955938.mp3	8280
common_voice_am_39991863.mp3	5148
common_voice_am_39966174.mp3	5400
common_voice_am_43184271.mp3	5940
common_voice_am_37809548.mp3	8460
common_voice_am_37782828.mp3	7164
common_voice_am_37802785.mp3	4428
common_voice_am_37768045.mp3	5544
common_voice_am_37782583.mp3	7020
common_voice_am_37815120.mp3	4356
common_voice_am_37817079.mp3	5148
common_voice_am_38586635.mp3	2520
common_voice_am_38583170.mp3	4716
common_voice_am_37817083.mp3	7380
common_voice_am_37814482.mp3	5436
common_voice_am_38399419.mp3	4356
common_voice_am_39967376.mp3	5580
common_voice_am_37767959.mp3	8064
common_voice_am_39643425.mp3	5400
common_voice_am_37767952.mp3	6048
common_voice_am_37782889.mp3	7092
common_voice_am_39991895.mp3	9936
common_voice_am_37790348.mp3	5508
common_voice_am_37805189.mp3	6804
common_voice_am_39969024.mp3	5976
common_voice_am_42674807.mp3	12708
common_voice_am_37782320.mp3	8856
common_voice_am_37807178.mp3	3708
common_voice_am_37790560.mp3	7740
common_voice_am_39991854.mp3	9036
common_voice_am_37774924.mp3	5076
common_voice_am_37790337.mp3	4968
common_voice_am_39936870.mp3	9720
common_voice_am_37791901.mp3	4464
common_voice_am_37790624.mp3	4896
common_voice_am_37778054.mp3	5796
common_voice_am_39362698.mp3	8136
common_voice_am_37841951.mp3	6120
common_voice_am_37812449.mp3	6408
common_voice_am_37802651.mp3	3888
common_voice_am_37842342.mp3	3456
common_voice_am_37817055.mp3	3888
common_voice_am_40192183.mp3	5364
common_voice_am_39991855.mp3	7704
common_voice_am_42492792.mp3	7236
common_voice_am_39936948.mp3	5328
common_voice_am_37897074.mp3	8208
common_voice_am_37805161.mp3	7380
common_voice_am_37774919.mp3	7092
common_voice_am_37761312.mp3	7020
common_voice_am_37782915.mp3	8028
common_voice_am_37805202.mp3	7092
common_voice_am_37782584.mp3	6588
common_voice_am_41527477.mp3	10116
common_voice_am_37790470.mp3	7560
common_voice_am_37817056.mp3	8676
common_voice_am_37790445.mp3	6336
common_voice_am_39991831.mp3	10296
common_voice_am_39362811.mp3	3996
common_voice_am_37952752.mp3	6840
common_voice_am_39936933.mp3	5148
common_voice_am_37805254.mp3	3924
common_voice_am_42674810.mp3	8316
common_voice_am_37805281.mp3	6192
common_voice_am_37814428.mp3	7668
common_voice_am_43293324.mp3	12600
common_voice_am_37790595.mp3	5940
common_voice_am_39991832.mp3	5760
common_voice_am_38399415.mp3	6120
common_voice_am_37782818.mp3	5292
common_voice_am_37802221.mp3	7740
common_voice_am_39991893.mp3	6156
common_voice_am_37814433.mp3	8064
common_voice_am_38399436.mp3	5976
common_voice_am_37814519.mp3	3780
common_voice_am_37768177.mp3	7092
common_voice_am_37782914.mp3	5832
common_voice_am_37890165.mp3	2808
common_voice_am_37809551.mp3	5472
common_voice_am_37768085.mp3	4644
common_voice_am_37782453.mp3	7200
common_voice_am_39643285.mp3	8100
common_voice_am_37815096.mp3	7092
common_voice_am_37805176.mp3	7308
common_voice_am_37768191.mp3	5976
common_voice_am_37779517.mp3	6516
common_voice_am_37812451.mp3	6588
common_voice_am_37811839.mp3	5076
common_voice_am_37792185.mp3	5004
common_voice_am_37782825.mp3	3708
common_voice_am_39991897.mp3	7488
common_voice_am_38630557.mp3	7308
common_voice_am_39936949.mp3	8136
common_voice_am_37782450.mp3	6876
common_voice_am_37790325.mp3	3240
common_voice_am_37778057.mp3	4104
common_voice_am_37782620.mp3	6516
common_voice_am_37767994.mp3	7272
common_voice_am_37802164.mp3	9216
common_voice_am_39979862.mp3	8100
common_voice_am_37782942.mp3	6948
common_voice_am_37817060.mp3	6732
common_voice_am_39922762.mp3	9468
common_voice_am_37841948.mp3	6408
common_voice_am_38630617.mp3	7020
common_voice_am_37782835.mp3	7992
common_voice_am_37774908.mp3	9648
common_voice_am_39362501.mp3	7560
common_voice_am_39643324.mp3	3780
common_voice_am_37815100.mp3	3528
common_voice_am_37817059.mp3	7272
common_voice_am_37809555.mp3	4680
common_voice_am_37814368.mp3	3996
common_voice_am_37814587.mp3	4428
common_voice_am_37802348.mp3	5328
common_voice_am_37802247.mp3	7308
common_voice_am_37768412.mp3	3204
common_voice_am_37809556.mp3	6552
common_voice_am_37802885.mp3	4896
common_voice_am_37814366.mp3	6732
common_voice_am_37782836.mp3	4572
common_voice_am_37782576.mp3	7128
common_voice_am_37791296.mp3	5580
common_voice_am_37782902.mp3	5220
common_voice_am_37791890.mp3	7200
common_voice_am_37811840.mp3	6516
common_voice_am_39362644.mp3	5256
common_voice_am_37952747.mp3	2448
common_voice_am_37782585.mp3	4428
common_voice_am_37782924.mp3	3420
common_voice_am_37782587.mp3	7236
common_voice_am_37767930.mp3	7308
common_voice_am_37782416.mp3	5580
common_voice_am_37888994.mp3	5328
common_voice_am_37782760.mp3	5004
common_voice_am_37790430.mp3	7236
common_voice_am_37815132.mp3	4500
common_voice_am_37768089.mp3	7704
common_voice_am_37782705.mp3	7416
common_voice_am_37817057.mp3	6336
common_voice_am_39922740.mp3	9432
common_voice_am_37805303.mp3	5760
common_voice_am_37814422.mp3	5760
common_voice_am_37814555.mp3	5256
common_voice_am_37782786.mp3	6084
common_voice_am_39362446.mp3	5436
common_voice_am_37802624.mp3	8856
common_voice_am_38629816.mp3	5616
common_voice_am_38399414.mp3	4140
common_voice_am_39967421.mp3	5436
common_voice_am_37790339.mp3	5940
common_voice_am_37791295.mp3	3168
common_voice_am_37802195.mp3	5868
common_voice_am_37814500.mp3	6192
common_voice_am_39643233.mp3	5616
common_voice_am_39967347.mp3	3132
common_voice_am_38630653.mp3	4968
common_voice_am_37767929.mp3	5076
common_voice_am_37802219.mp3	6876
common_voice_am_37791916.mp3	4464
common_voice_am_37767891.mp3	8604
common_voice_am_42422280.mp3	10260
common_voice_am_37792183.mp3	8748
common_voice_am_39967344.mp3	6156
common_voice_am_37778063.mp3	7164
common_voice_am_39991834.mp3	9756
common_voice_am_37790347.mp3	6840
common_voice_am_37768202.mp3	6372
common_voice_am_37761292.mp3	7704
common_voice_am_37791278.mp3	2988
common_voice_am_39991849.mp3	7884
common_voice_am_38586603.mp3	8460
common_voice_am_39643424.mp3	10116
common_voice_am_37791283.mp3	4500
common_voice_am_37802289.mp3	5940
common_voice_am_39643306.mp3	4500
common_voice_am_37768203.mp3	7236
common_voice_am_39643282.mp3	7308
common_voice_am_37761313.mp3	6912
common_voice_am_37791933.mp3	7128
common_voice_am_39643522.mp3	8136
common_voice_am_37802344.mp3	5616
common_voice_am_37782451.mp3	3816
common_voice_am_38583320.mp3	9396
common_voice_am_37805304.mp3	4896
common_voice_am_37782939.mp3	6228
common_voice_am_39362347.mp3	4860
common_voice_am_38583322.mp3	7596
common_voice_am_37805145.mp3	4104
common_voice_am_37790350.mp3	5328
common_voice_am_39991838.mp3	6588
common_voice_am_37791934.mp3	5904
common_voice_am_37817063.mp3	4356
common_voice_am_38630631.mp3	3960
common_voice_am_37815105.mp3	4608
common_voice_am_39638983.mp3	8388
common_voice_am_38630665.mp3	5220
common_voice_am_38670137.mp3	9576
common_voice_am_37890161.mp3	5796
common_voice_am_37802259.mp3	9108
common_voice_am_37782938.mp3	6156
common_voice_am_39362750.mp3	6696
common_voice_am_37782441.mp3	2880
common_voice_am_37761295.mp3	7164
common_voice_am_43325041.mp3	1800
common_voice_am_39969029.mp3	6120
common_voice_am_37768015.mp3	7452
common_voice_am_37890160.mp3	4500
common_voice_am_37791902.mp3	7560
common_voice_am_39991890.mp3	10116
common_voice_am_37782849.mp3	7308
common_voice_am_38399422.mp3	4536
common_voice_am_40405954.mp3	6660
common_voice_am_37768226.mp3	6876
common_voice_am_37761316.mp3	5580
common_voice_am_37805234.mp3	8244
common_voice_am_37805212.mp3	5544
common_voice_am_37802797.mp3	5148
common_voice_am_37802627.mp3	8856
common_voice_am_42674801.mp3	7272
common_voice_am_39956492.mp3	7668
common_voice_am_37807188.mp3	5436
common_voice_am_37767995.mp3	3924
common_voice_am_39991846.mp3	7704
common_voice_am_39643344.mp3	10116
common_voice_am_37802266.mp3	6948
common_voice_am_37814574.mp3	5580
common_voice_am_37805244.mp3	5832
common_voice_am_39906909.mp3	10404
common_voice_am_37842334.mp3	5148
common_voice_am_37802758.mp3	4716
common_voice_am_37782851.mp3	5256
common_voice_am_39643541.mp3	5580
common_voice_am_37791284.mp3	4176
common_voice_am_39936910.mp3	5220
common_voice_am_37802931.mp3	3636
common_voice_am_37768192.mp3	4176
common_voice_am_39643308.mp3	7416
common_voice_am_37807179.mp3	2736
common_voice_am_39362447.mp3	7740
common_voice_am_40405942.mp3	6480
common_voice_am_37811850.mp3	6804
common_voice_am_37774907.mp3	8460
common_voice_am_39936924.mp3	8748
common_voice_am_37790613.mp3	6408
common_voice_am_37811861.mp3	6156
common_voice_am_39643253.mp3	9360
common_voice_am_37782435.mp3	5004
common_voice_am_39936869.mp3	3600
common_voice_am_42492793.mp3	3600
common_voice_am_39936907.mp3	7020
common_voice_am_37782848.mp3	7596
common_voice_am_37768227.mp3	6336
common_voice_am_38583157.mp3	4068
common_voice_am_37888995.mp3	2340
common_voice_am_37805186.mp3	3312
common_voice_am_37782917.mp3	4860
common_voice_am_39991865.mp3	5832
common_voice_am_39906908.mp3	5868
common_voice_am_37790570.mp3	6408
common_voice_am_37802883.mp3	6120
common_voice_am_38629787.mp3	3276
common_voice_am_37814499.mp3	3924
common_voice_am_38630668.mp3	6840
common_voice_am_43293328.mp3	13968
common_voice_am_37782426.mp3	7488
common_voice_am_39936895.mp3	7236
common_voice_am_39936891.mp3	4248
common_voice_am_37782407.mp3	7272
common_voice_am_37814491.mp3	7308
common_voice_am_38583139.mp3	8460
common_voice_am_37768205.mp3	6480
common_voice_am_39906911.mp3	5904
common_voice_am_37814324.mp3	4068
common_voice_am_37814508.mp3	3924
common_voice_am_37938203.mp3	6480
common_voice_am_39643368.mp3	5508
common_voice_am_37802843.mp3	6336
common_voice_am_37805241.mp3	7020
common_voice_am_39362808.mp3	8928
common_voice_am_37952754.mp3	2556
common_voice_am_38630587.mp3	5868
common_voice_am_37768140.mp3	3420
common_voice_am_37805321.mp3	5436
common_voice_am_37817058.mp3	8064
common_voice_am_37938200.mp3	8568
common_voice_am_39936912.mp3	4536
common_voice_am_39991891.mp3	6444
common_voice_am_37812453.mp3	5616
common_voice_am_37772388.mp3	3456
common_voice_am_37805179.mp3	3024
common_voice_am_39643477.mp3	3816
common_voice_am_39967420.mp3	8136
common_voice_am_37790458.mp3	2916
common_voice_am_37790340.mp3	5328
common_voice_am_37790571.mp3	5688
common_voice_am_38586601.mp3	10476
common_voice_am_42674805.mp3	10188
common_voice_am_43293325.mp3	5400
common_voice_am_37805835.mp3	4428
common_voice_am_37782852.mp3	3492
common_voice_am_37768411.mp3	4752
common_voice_am_37802694.mp3	3276
common_voice_am_37952748.mp3	4248
common_voice_am_37805222.mp3	4140
common_voice_am_42655615.mp3	6660
common_voice_am_37782855.mp3	6048
common_voice_am_37802714.mp3	7776
common_voice_am_37782875.mp3	6228
common_voice_am_40405943.mp3	5976
common_voice_am_39936909.mp3	5760
common_voice_am_39922755.mp3	9612
common_voice_am_37791280.mp3	7056
common_voice_am_37814551.mp3	6012
common_voice_am_39936894.mp3	6588
common_voice_am_37782850.mp3	4680
common_voice_am_37790455.mp3	4356
common_voice_am_39643197.mp3	9216
common_voice_am_38670136.mp3	9900
common_voice_am_37805238.mp3	8748
common_voice_am_39991841.mp3	10080
common_voice_am_37805149.mp3	6012
common_voice_am_37842351.mp3	4716
common_voice_am_37782406.mp3	5040
common_voice_am_38399423.mp3	5976
common_voice_am_39362806.mp3	6300
common_voice_am_37782551.mp3	6588
common_voice_am_43227475.mp3	10656
common_voice_am_39958866.mp3	8856
common_voice_am_37807176.mp3	6660
common_voice_am_37782388.mp3	5616
common_voice_am_37768251.mp3	3348
common_voice_am_37782892.mp3	5724
common_voice_am_43227243.mp3	1656
common_voice_am_39991833.mp3	4896
common_voice_am_39936946.mp3	7596
common_voice_am_37767945.mp3	6588
common_voice_am_37782707.mp3	7416
common_voice_am_37768254.mp3	5436
common_voice_am_37767928.mp3	8820
common_voice_am_38399420.mp3	7236
common_voice_am_37774956.mp3	5544
common_voice_am_37814483.mp3	7776
common_voice_am_39936901.mp3	6300
common_voice_am_37805312.mp3	6336
common_voice_am_37782877.mp3	8244
common_voice_am_37842343.mp3	4860
common_voice_am_37779518.mp3	3564
common_voice_am_40405945.mp3	11340
common_voice_am_37791935.mp3	5184
common_voice_am_39362769.mp3	3420
common_voice_am_37782423.mp3	4968
common_voice_am_37814395.mp3	5148
common_voice_am_37790569.mp3	3060
common_voice_am_39936914.mp3	6480
common_voice_am_40955939.mp3	5796
common_voice_am_38224452.mp3	4752
common_voice_am_40405941.mp3	8316
common_voice_am_37805256.mp3	5868
common_voice_am_37782798.mp3	6732
common_voice_am_38583281.mp3	3816
common_voice_am_42731148.mp3	10008
common_voice_am_37802160.mp3	8280
common_voice_am_39362444.mp3	5688
common_voice_am_37790586.mp3	4716
common_voice_am_40123710.mp3	5868
common_voice_am_42492772.mp3	10008
common_voice_am_38399418.mp3	6156
common_voice_am_37779521.mp3	5580
common_voice_am_37782300.mp3	7380
common_voice_am_37791303.mp3	3888
common_voice_am_37814521.mp3	6804
common_voice_am_37761293.mp3	6984
common_voice_am_37782928.mp3	4356
common_voice_am_37814412.mp3	7056
common_voice_am_37814353.mp3	4320
common_voice_am_43227245.mp3	1908
common_voice_am_37811864.mp3	7380
common_voice_am_39906865.mp3	9396
common_voice_am_37802815.mp3	7848
common_voice_am_41527480.mp3	8028
common_voice_am_38399441.mp3	7128
common_voice_am_38586636.mp3	9036
common_voice_am_42492770.mp3	7920
common_voice_am_38229431.mp3	4176
common_voice_am_37772381.mp3	5292
common_voice_am_37815122.mp3	5976
common_voice_am_37815108.mp3	4536
common_voice_am_39362642.mp3	2808
common_voice_am_37790338.mp3	5580
common_voice_am_39362518.mp3	9216
common_voice_am_37811849.mp3	8424
common_voice_am_39991881.mp3	8532
common_voice_am_37774961.mp3	2988
common_voice_am_37768414.mp3	5184
common_voice_am_37814606.mp3	6444
common_voice_am_37805311.mp3	8244
common_voice_am_37790568.mp3	5580
common_voice_am_37782455.mp3	10440
common_voice_am_38583284.mp3	4140
common_voice_am_37768413.mp3	7776
common_voice_am_37790591.mp3	2808
common_voice_am_37814429.mp3	5832
common_voice_am_37814535.mp3	7776
common_voice_am_39362516.mp3	3780
common_voice_am_37768018.mp3	5292
common_voice_am_38630596.mp3	4500
common_voice_am_37802929.mp3	7488
common_voice_am_37782630.mp3	8172
common_voice_am_38583119.mp3	7920
common_voice_am_37805147.mp3	7020
common_voice_am_37782391.mp3	6948
common_voice_am_37790331.mp3	9000
common_voice_am_39643201.mp3	7236
common_voice_am_39638985.mp3	4680
common_voice_am_39967330.mp3	6228
common_voice_am_37814573.mp3	3816
common_voice_am_39991840.mp3	3564
common_voice_am_39967276.mp3	6192
common_voice_am_39991847.mp3	3888
common_voice_am_37768118.mp3	2772
common_voice_am_37811886.mp3	6516
common_voice_am_37814394.mp3	8784
common_voice_am_37802882.mp3	4608
common_voice_am_39638988.mp3	8496
common_voice_am_37791920.mp3	6984
common_voice_am_39922760.mp3	8964
common_voice_am_39966173.mp3	6516
common_voice_am_37802223.mp3	7380
common_voice_am_37888675.mp3	6516
common_voice_am_37815106.mp3	4572
common_voice_am_39936888.mp3	4500
common_voice_am_39362703.mp3	4680
common_voice_am_37805258.mp3	4212
common_voice_am_39643281.mp3	8820
common_voice_am_37782762.mp3	7200
common_voice_am_42422287.mp3	6480
common_voice_am_37888678.mp3	8568
common_voice_am_39991862.mp3	4824
common_voice_am_37890182.mp3	2700
common_voice_am_38629749.mp3	7020
common_voice_am_37805270.mp3	7668
common_voice_am_37805261.mp3	5112
common_voice_am_37814622.mp3	6732
common_voice_am_37805302.mp3	8640
common_voice_am_37768144.mp3	6336
common_voice_am_38399406.mp3	7956
common_voice_am_37791298.mp3	3996
common_voice_am_37805259.mp3	3780
common_voice_am_42674804.mp3	4572
common_voice_am_37952749.mp3	4176
common_voice_am_39967277.mp3	7380
common_voice_am_38583155.mp3	8496
common_voice_am_39643326.mp3	5040
common_voice_am_37782414.mp3	4680
common_voice_am_37772417.mp3	5112
common_voice_am_37805247.mp3	8532
common_voice_am_39991851.mp3	7380
common_voice_am_37815095.mp3	4860
common_voice_am_37782774.mp3	4608
common_voice_am_39991858.mp3	8640
common_voice_am_37805236.mp3	8172
common_voice_am_37772494.mp3	6300
common_voice_am_37761294.mp3	5904
common_voice_am_40882232.mp3	8064
common_voice_am_37768043.mp3	3492
common_voice_am_37782890.mp3	5472
common_voice_am_37791293.mp3	6156
common_voice_am_37772387.mp3	2916
common_voice_am_37767916.mp3	7128
common_voice_am_37805251.mp3	6300
common_voice_am_40123708.mp3	5040
common_voice_am_39362499.mp3	6300
common_voice_am_37774931.mp3	5256
common_voice_am_41706517.mp3	8244
common_voice_am_37805185.mp3	4284
common_voice_am_39362641.mp3	3996
common_voice_am_38331900.mp3	9936
common_voice_am_37805235.mp3	6156
common_voice_am_37814576.mp3	5760
common_voice_am_39906910.mp3	9648
common_voice_am_39936934.mp3	6336
common_voice_am_37790588.mp3	3780
common_voice_am_38224455.mp3	6372
common_voice_am_39362349.mp3	4860
common_voice_am_37802317.mp3	6300
common_voice_am_37802192.mp3	7308
common_voice_am_37782312.mp3	5688
common_voice_am_39643287.mp3	7020
common_voice_am_39936945.mp3	7236
common_voice_am_39936941.mp3	3600
common_voice_am_37782846.mp3	3960
common_voice_am_37790346.mp3	8136
common_voice_am_39922763.mp3	7380
common_voice_am_37791297.mp3	2736
common_voice_am_37779572.mp3	7416
common_voice_am_37791659.mp3	8568
common_voice_am_37842333.mp3	7308
common_voice_am_39936916.mp3	6840
common_voice_am_37809557.mp3	8424
common_voice_am_38399417.mp3	8208
common_voice_am_37897075.mp3	6408
common_voice_am_37782863.mp3	3348
common_voice_am_40955941.mp3	7956
common_voice_am_37790469.mp3	4860
common_voice_am_37782817.mp3	8244
common_voice_am_42249654.mp3	7848
common_voice_am_38630560.mp3	4428
common_voice_am_37805255.mp3	4428
common_voice_am_37782404.mp3	7020
common_voice_am_37790593.mp3	7056
common_voice_am_38629724.mp3	6840
common_voice_am_38399408.mp3	7380
common_voice_am_37938201.mp3	5040
common_voice_am_37782934.mp3	8280
common_voice_am_37767912.mp3	7668
common_voice_am_37782929.mp3	6804
common_voice_am_39936892.mp3	7668
common_voice_am_39967391.mp3	6660
common_voice_am_37782318.mp3	2700
common_voice_am_37782874.mp3	7524
common_voice_am_39936871.mp3	8388
common_voice_am_38630632.mp3	7560
common_voice_am_37782319.mp3	4248
common_voice_am_39643305.mp3	5688
common_voice_am_39936947.mp3	5976
common_voice_am_42249651.mp3	5688
common_voice_am_37802346.mp3	2340
common_voice_am_37809554.mp3	7812
common_voice_am_39967419.mp3	8748
common_voice_am_37805290.mp3	7992
common_voice_am_37842335.mp3	6480
common_voice_am_37782308.mp3	5616
common_voice_am_39922759.mp3	7200
common_voice_am_39991874.mp3	10188
common_voice_am_43227242.mp3	12060
common_voice_am_37817054.mp3	8316
common_voice_am_37790614.mp3	8748
common_voice_am_37791660.mp3	4824
common_voice_am_39991872.mp3	7812
common_voice_am_37802884.mp3	8100
common_voice_am_37791302.mp3	2448
common_voice_am_37791662.mp3	5220
common_voice_am_37814511.mp3	6696
common_voice_am_37814586.mp3	3456
common_voice_am_37805231.mp3	3456
common_voice_am_37805210.mp3	3528
common_voice_am_37767944.mp3	5436
common_voice_am_37778060.mp3	6840
common_voice_am_39967331.mp3	5436
common_voice_am_37888677.mp3	7308
common_voice_am_37822745.mp3	3996
common_voice_am_37805274.mp3	4536
common_voice_am_38630561.mp3	8496
common_voice_am_39643199.mp3	6336
common_voice_am_37805220.mp3	6408
common_voice_am_37822748.mp3	4104
common_voice_am_39967343.mp3	7956
common_voice_am_43353694.mp3	6696
common_voice_am_37802783.mp3	3708
common_voice_am_37802756.mp3	3708
common_voice_am_42422288.mp3	4500
common_voice_am_37790433.mp3	7668
common_voice_am_39643372.mp3	5616
common_voice_am_37802264.mp3	9000
common_voice_am_39967375.mp3	3708
common_voice_am_39922741.mp3	8208
common_voice_am_37805163.mp3	4968
common_voice_am_37790596.mp3	3636
common_voice_am_37811847.mp3	5976
common_voice_am_39936944.mp3	6840
common_voice_am_39643514.mp3	3168
common_voice_am_37888650.mp3	9180
common_voice_am_38399404.mp3	8280
common_voice_am_39362409.mp3	8028
common_voice_am_37774923.mp3	9144
common_voice_am_37814365.mp3	3816
common_voice_am_37791919.mp3	6552
common_voice_am_39362482.mp3	6876
common_voice_am_39643174.mp3	7380
common_voice_am_37890186.mp3	7236
common_voice_am_37802193.mp3	3996
common_voice_am_37782579.mp3	5616
common_voice_am_37802291.mp3	7128
common_voice_am_37811848.mp3	6480
common_voice_am_37791937.mp3	2916
common_voice_am_37805280.mp3	8532
common_voice_am_37782937.mp3	4176
common_voice_am_39991875.mp3	5364
common_voice_am_39979866.mp3	8460
common_voice_am_37802682.mp3	7380
common_voice_am_39936899.mp3	6480
common_voice_am_37768014.mp3	6804
common_voice_am_39631549.mp3	4248
common_voice_am_37791894.mp3	3456
common_voice_am_38670134.mp3	4680
common_voice_am_39991864.mp3	8856
common_voice_am_39362445.mp3	3600
common_voice_am_37767960.mp3	6912
common_voice_am_39979863.mp3	6480
common_voice_am_37802757.mp3	5868
common_voice_am_37805223.mp3	5256
common_voice_am_39362767.mp3	5436
common_voice_am_38583283.mp3	6876
common_voice_am_39991896.mp3	9216
common_voice_am_39922754.mp3	7416
common_voice_am_37782390.mp3	5400
common_voice_am_37814498.mp3	4536
common_voice_am_37768013.mp3	6084
common_voice_am_39906863.mp3	5544
common_voice_am_38629747.mp3	8100
common_voice_am_37818781.mp3	8532
common_voice_am_37782933.mp3	2808
common_voice_am_37782296.mp3	6840
common_voice_am_37774927.mp3	5328
common_voice_am_39936926.mp3	7380
common_voice_am_37802652.mp3	5688
common_voice_am_37791281.mp3	6336
common_voice_am_37805230.mp3	8172
common_voice_am_37782321.mp3	3636
common_voice_am_39936904.mp3	4896
common_voice_am_39969026.mp3	5220
common_voice_am_43184273.mp3	10440
common_voice_am_37805213.mp3	5328
common_voice_am_37791900.mp3	8244
common_voice_am_39966175.mp3	7128
common_voice_am_39922748.mp3	5328
common_voice_am_37782448.mp3	6480
common_voice_am_37782309.mp3	4500
common_voice_am_37815121.mp3	7380
common_voice_am_37790324.mp3	4716
common_voice_am_37768230.mp3	7488
common_voice_am_39362701.mp3	3960
common_voice_am_43293327.mp3	15336
common_voice_am_37815130.mp3	3780
common_voice_am_39991889.mp3	9288
common_voice_am_37790457.mp3	4248
common_voice_am_43353695.mp3	10476
common_voice_am_37791931.mp3	5652
common_voice_am_37802342.mp3	9000
common_voice_am_37952732.mp3	3420
common_voice_am_37791287.mp3	5940
common_voice_am_43325040.mp3	11088
common_voice_am_38583137.mp3	6156
common_voice_am_37814583.mp3	2844
common_voice_am_37817072.mp3	6552
common_voice_am_37790448.mp3	3060
common_voice_am_40405944.mp3	3996
common_voice_am_37790592.mp3	5076
common_voice_am_37791299.mp3	6696
common_voice_am_39979865.mp3	4860
common_voice_am_37768082.mp3	2952
common_voice_am_37767946.mp3	6768
common_voice_am_43325043.mp3	6228
common_voice_am_37802901.mp3	8100
common_voice_am_37805146.mp3	7668
common_voice_am_37779519.mp3	4356
common_voice_am_38583117.mp3	9468
common_voice_am_38224457.mp3	6912
common_voice_am_37888654.mp3	6948
common_voice_am_43227479.mp3	7020
common_voice_am_39643198.mp3	8676
common_voice_am_39936893.mp3	6156
common_voice_am_39643520.mp3	5580
common_voice_am_39936920.mp3	6156
common_voice_am_37782763.mp3	4860
common_voice_am_37888992.mp3	7560
common_voice_am_37767889.mp3	3024
common_voice_am_37802713.mp3	5616
common_voice_am_37952733.mp3	5076
common_voice_am_42492794.mp3	7596
common_voice_am_38629746.mp3	7776
common_voice_am_37842344.mp3	10260
common_voice_am_39991837.mp3	8820
common_voice_am_37814480.mp3	5724
common_voice_am_39991871.mp3	5292
common_voice_am_39922742.mp3	6084
common_voice_am_37805177.mp3	6516
common_voice_am_39922744.mp3	9180
common_voice_am_38630594.mp3	8028
common_voice_am_39991839.mp3	3348
common_voice_am_38583158.mp3	6516
common_voice_am_39631546.mp3	8928
common_voice_am_37805319.mp3	8064
common_voice_am_37802222.mp3	6768
common_voice_am_37767954.mp3	5220
common_voice_am_37805271.mp3	5148
common_voice_am_39362704.mp3	4068
common_voice_am_37768253.mp3	5364
common_voice_am_38399416.mp3	9576
common_voice_am_43353693.mp3	7848
common_voice_am_37768194.mp3	6732
common_voice_am_37805301.mp3	4392
common_voice_am_38630615.mp3	5076
common_voice_am_37805201.mp3	7992
common_voice_am_39362478.mp3	7668
common_voice_am_37782629.mp3	4212
common_voice_am_39643427.mp3	4500
common_voice_am_37805233.mp3	6444
common_voice_am_42674802.mp3	6732
common_voice_am_39966176.mp3	6588
common_voice_am_37768260.mp3	3888
common_voice_am_39362751.mp3	7488
common_voice_am_39643458.mp3	5976
common_voice_am_39936882.mp3	5796
common_voice_am_39967387.mp3	6264
common_voice_am_37791938.mp3	5148
common_voice_am_39643235.mp3	8388
common_voice_am_39362502.mp3	3276
common_voice_am_37790322.mp3	8676
common_voice_am_37814585.mp3	3852
common_voice_am_37791918.mp3	7920
common_voice_am_37790332.mp3	7020
common_voice_am_39643234.mp3	6156
common_voice_am_37782218.mp3	6156
common_voice_am_37772495.mp3	7092
common_voice_am_37782898.mp3	3168
common_voice_am_37782826.mp3	7848
common_voice_am_38629720.mp3	3960
common_voice_am_37790589.mp3	4680
common_voice_am_37842348.mp3	9108
common_voice_am_37768083.mp3	6696
common_voice_am_37811862.mp3	7488
common_voice_am_39362431.mp3	9900
common_voice_am_37802191.mp3	5436
common_voice_am_37767913.mp3	5148
common_voice_am_37782837.mp3	8460
common_voice_am_38630558.mp3	4680
common_voice_am_37782217.mp3	9540
common_voice_am_39991852.mp3	5580
common_voice_am_37815092.mp3	5076
common_voice_am_37782187.mp3	5076
common_voice_am_37791893.mp3	8172
common_voice_am_39631547.mp3	3888
common_voice_am_37782220.mp3	3888
common_voice_am_37805148.mp3	3276
common_voice_am_37782829.mp3	7308
common_voice_am_37952746.mp3	6480
common_voice_am_38630628.mp3	7740
common_voice_am_37791301.mp3	5328
common_voice_am_41706518.mp3	6048
common_voice_am_37790446.mp3	2448
common_voice_am_38630590.mp3	7020
common_voice_am_37791932.mp3	6300
common_voice_am_37814321.mp3	4752
common_voice_am_37782437.mp3	4932
common_voice_am_42422289.mp3	6840
common_voice_am_39643451.mp3	4608
common_voice_am_39936902.mp3	4716
common_voice_am_37782797.mp3	6732
common_voice_am_37811888.mp3	4104
common_voice_am_37767887.mp3	6084
common_voice_am_38630629.mp3	8028
common_voice_am_37779483.mp3	5760
common_voice_am_37814542.mp3	6804
common_voice_am_37809559.mp3	4248
common_voice_am_37952750.mp3	6696
common_voice_am_39956493.mp3	5868
common_voice_am_39643475.mp3	7200
common_voice_am_39967379.mp3	7056
common_voice_am_37802244.mp3	6156
common_voice_am_40882231.mp3	11232
common_voice_am_37805313.mp3	8892
common_voice_am_37782853.mp3	8928
common_voice_am_37779574.mp3	7344
common_voice_am_39643480.mp3	5508
common_voice_am_39631548.mp3	7596
common_voice_am_39936898.mp3	6048
common_voice_am_39956496.mp3	5184
common_voice_am_39643172.mp3	7956
common_voice_am_43353691.mp3	7020
common_voice_am_37805318.mp3	5472
common_voice_am_39643369.mp3	8316
common_voice_am_39906861.mp3	5544
common_voice_am_37814563.mp3	10476
common_voice_am_37814481.mp3	4860
common_voice_am_37805188.mp3	5076
common_voice_am_41706520.mp3	5364
common_voice_am_43227476.mp3	7956
common_voice_am_39362352.mp3	3780
common_voice_am_37888652.mp3	7380
common_voice_am_37768138.mp3	7128
common_voice_am_37768204.mp3	6408
common_voice_am_37774906.mp3	5616
common_voice_am_37811880.mp3	6552
common_voice_am_37790562.mp3	9828
common_voice_am_37782709.mp3	6084
common_voice_am_42674806.mp3	5472
common_voice_am_39643457.mp3	5400
common_voice_am_39967278.mp3	6228
common_voice_am_37811879.mp3	3276
common_voice_am_37805207.mp3	6228
common_voice_am_37809605.mp3	7416
common_voice_am_37802736.mp3	5868
common_voice_am_37772493.mp3	7920
common_voice_am_37814620.mp3	7164
common_voice_am_40192184.mp3	8496
common_voice_am_37811838.mp3	9000
common_voice_am_39991842.mp3	6732
common_voice_am_37782795.mp3	6480
common_voice_am_37814536.mp3	6192
common_voice_am_37814398.mp3	7200
common_voice_am_37782916.mp3	4860
common_voice_am_37815099.mp3	4680
common_voice_am_37811877.mp3	5472
common_voice_am_37790434.mp3	5868
common_voice_am_37802816.mp3	3420
common_voice_am_37890184.mp3	6948
common_voice_am_37778056.mp3	5580
common_voice_am_39362481.mp3	6660
common_voice_am_38630640.mp3	4140
common_voice_am_37890162.mp3	3996
common_voice_am_39362675.mp3	6156
common_voice_am_37782799.mp3	4824
common_voice_am_38629778.mp3	5688
common_voice_am_39991857.mp3	10332
common_voice_am_37782548.mp3	5832
common_voice_am_39643252.mp3	3996
common_voice_am_39362351.mp3	4860
common_voice_am_37814541.mp3	3240
common_voice_am_37782641.mp3	7128
common_voice_am_37841950.mp3	8640
common_voice_am_38331901.mp3	6696
common_voice_am_37790323.mp3	5220
common_voice_am_37802847.mp3	7056
common_voice_am_37790449.mp3	2016
common_voice_am_39967418.mp3	9936
common_voice_am_37790353.mp3	3276
common_voice_am_37791922.mp3	5760
common_voice_am_37772444.mp3	3168
common_voice_am_37767931.mp3	3528
common_voice_am_38586598.mp3	4968
common_voice_am_39967346.mp3	6696
common_voice_am_38583323.mp3	10440
common_voice_am_39922753.mp3	6624
common_voice_am_37842349.mp3	4248
common_voice_am_37802844.mp3	5220
common_voice_am_39906864.mp3	8892
common_voice_am_37817081.mp3	5760
common_voice_am_37791306.mp3	7416
common_voice_am_42422286.mp3	3888
common_voice_am_38586627.mp3	8100
common_voice_am_37782860.mp3	7092
common_voice_am_37802290.mp3	4896
common_voice_am_37814565.mp3	3240
common_voice_am_39936943.mp3	8676
common_voice_am_37802801.mp3	7740
common_voice_am_37782932.mp3	7092
common_voice_am_40123711.mp3	4536
common_voice_am_37802683.mp3	3456
common_voice_am_37790321.mp3	4896
common_voice_am_37782935.mp3	8280
common_voice_am_39362640.mp3	3276
common_voice_am_37790594.mp3	5400
common_voice_am_37782302.mp3	3996
common_voice_am_37802245.mp3	6120
common_voice_am_37791905.mp3	7668
common_voice_am_43325042.mp3	5256
common_voice_am_39362677.mp3	2448
common_voice_am_37772380.mp3	5868
common_voice_am_37782708.mp3	4284
common_voice_am_37782574.mp3	9360
common_voice_am_38331903.mp3	4968
common_voice_am_37814350.mp3	7344
common_voice_am_37790472.mp3	3708
common_voice_am_42422285.mp3	4068
common_voice_am_43227240.mp3	2988
common_voice_am_37768044.mp3	7416
common_voice_am_37782940.mp3	7524
common_voice_am_38583120.mp3	6336
common_voice_am_42492766.mp3	8640
common_voice_am_42674803.mp3	11412
common_voice_am_37791657.mp3	5760
common_voice_am_37782838.mp3	6552
common_voice_am_37802928.mp3	3780
common_voice_am_37790615.mp3	4428
common_voice_am_43184274.mp3	9720
common_voice_am_39936936.mp3	10080
common_voice_am_37790603.mp3	6048
common_voice_am_37952735.mp3	4428
common_voice_am_37772497.mp3	6552
common_voice_am_39362676.mp3	5328
common_voice_am_37815101.mp3	8172
common_voice_am_39967334.mp3	5076
common_voice_am_39936915.mp3	6480
common_voice_am_39638984.mp3	5616
common_voice_am_39967422.mp3	7020
common_voice_am_38630630.mp3	5076
common_voice_am_40955942.mp3	10800
common_voice_am_37811876.mp3	8208
common_voice_am_37814369.mp3	4392
common_voice_am_39643374.mp3	6516
common_voice_am_39991850.mp3	4680
common_voice_am_39362746.mp3	4500
common_voice_am_37791903.mp3	4608
common_voice_am_37890183.mp3	5220
common_voice_am_40405951.mp3	5436
common_voice_am_37802626.mp3	6336
common_voice_am_37805282.mp3	7596
common_voice_am_38583319.mp3	4860
common_voice_am_37768264.mp3	6660
common_voice_am_37811889.mp3	5148
common_voice_am_39967389.mp3	5616
common_voice_am_38629745.mp3	8208
common_voice_am_37802817.mp3	3060
common_voice_am_37802823.mp3	3996
common_voice_am_39967281.mp3	8280
common_voice_am_37805242.mp3	7056
common_voice_am_39362498.mp3	7308
common_voice_am_37815093.mp3	4284
common_voice_am_37815119.mp3	4968
common_voice_am_37814533.mp3	6012
common_voice_am_37897076.mp3	6948
common_voice_am_37791909.mp3	3996
common_voice_am_37814490.mp3	6228
common_voice_am_37782188.mp3	3276
common_voice_am_37807177.mp3	6516
common_voice_am_37809550.mp3	9648
common_voice_am_37802918.mp3	3636
common_voice_am_37782586.mp3	8640
common_voice_am_38583321.mp3	5076
common_voice_am_37802162.mp3	3060
common_voice_am_37817061.mp3	5544
common_voice_am_39936950.mp3	9720
common_voice_am_37809606.mp3	7380
common_voice_am_39643476.mp3	8028
common_voice_am_40405952.mp3	8928
common_voice_am_40405955.mp3	8568
common_voice_am_37790602.mp3	6876
common_voice_am_37774963.mp3	3744
common_voice_am_37774909.mp3	6660
common_voice_am_37805205.mp3	6048
common_voice_am_39922757.mp3	5328
common_voice_am_37790572.mp3	5076
common_voice_am_38583136.mp3	7056
common_voice_am_37772450.mp3	7020
common_voice_am_37782550.mp3	7812
common_voice_am_39991845.mp3	9576
common_voice_am_39362425.mp3	8676
common_voice_am_37782839.mp3	4032
common_voice_am_37782859.mp3	5544
common_voice_am_38629722.mp3	7848
common_voice_am_37790431.mp3	5148
common_voice_am_39991836.mp3	8964
common_voice_am_38583173.mp3	4140
common_voice_am_37814553.mp3	4680
common_voice_am_37815131.mp3	8928
common_voice_am_37814566.mp3	6192
common_voice_am_37772386.mp3	7380
common_voice_am_37807187.mp3	4356
common_voice_am_37791923.mp3	7992
common_voice_am_37890159.mp3	8280
common_voice_am_37817877.mp3	6984
common_voice_am_37782389.mp3	4860
common_voice_am_37888664.mp3	6480
common_voice_am_37802916.mp3	6516
common_voice_am_39362414.mp3	4248
common_voice_am_37802900.mp3	5508
common_voice_am_37814575.mp3	5832
common_voice_am_37805292.mp3	6732
common_voice_am_37805260.mp3	7092
common_voice_am_39991894.mp3	8964
common_voice_am_37772418.mp3	5220
common_voice_am_37768119.mp3	6300
common_voice_am_37768046.mp3	8604
common_voice_am_42492769.mp3	4860
common_voice_am_39991892.mp3	3240
common_voice_am_37888679.mp3	7020
common_voice_am_37815089.mp3	8028
common_voice_am_37805294.mp3	4788
common_voice_am_37890185.mp3	6696
common_voice_am_39362427.mp3	5040
common_voice_am_42674809.mp3	10152
common_voice_am_37802902.mp3	2556
common_voice_am_38583138.mp3	9216
common_voice_am_39967280.mp3	2664
common_voice_am_39936906.mp3	5220
common_voice_am_39936939.mp3	4680
common_voice_am_37802919.mp3	4500
common_voice_am_37890167.mp3	7308
common_voice_am_37782900.mp3	6984
common_voice_am_37782577.mp3	2448
common_voice_am_37814603.mp3	4644
common_voice_am_37790559.mp3	4860
common_voice_am_37790612.mp3	4248
common_voice_am_37841952.mp3	9036
common_voice_am_37792186.mp3	6624
common_voice_am_38583285.mp3	6660
common_voice_am_37802698.mp3	5400
common_voice_am_37890164.mp3	2880
common_voice_am_37805273.mp3	5472
common_voice_am_37805175.mp3	7776
common_voice_am_37814396.mp3	6300
common_voice_am_39631514.mp3	6876
common_voice_am_39967333.mp3	7416
common_voice_am_43293326.mp3	13680
common_voice_am_39936886.mp3	3420
common_voice_am_37791286.mp3	3456
common_voice_am_39991853.mp3	7596
common_voice_am_37782787.mp3	8568
common_voice_am_37791908.mp3	2844
common_voice_am_37779485.mp3	4212
common_voice_am_39969025.mp3	9648
common_voice_am_41706521.mp3	6624
common_voice_am_39967426.mp3	8856
common_voice_am_37782845.mp3	7272
common_voice_am_39922746.mp3	4860
common_voice_am_39936938.mp3	5148
common_voice_am_37782876.mp3	5832
common_voice_am_37817082.mp3	8928
common_voice_am_37805160.mp3	7704
common_voice_am_38630570.mp3	5976
common_voice_am_39979864.mp3	6840
common_voice_am_37814397.mp3	5220
common_voice_am_40405953.mp3	5076
common_voice_am_37791921.mp3	8856
common_voice_am_37814411.mp3	7236
common_voice_am_37779486.mp3	7236
common_voice_am_38630647.mp3	3960
common_voice_am_39936879.mp3	9900
common_voice_am_39362429.mp3	5508
common_voice_am_37815102.mp3	7380
common_voice_am_39362748.mp3	5508
common_voice_am_38630588.mp3	5868
common_voice_am_40882228.mp3	9612
common_voice_am_37782815.mp3	6732
common_voice_am_37802681.mp3	8748
common_voice_am_37811865.mp3	8388
common_voice_am_37791304.mp3	5688
common_voice_am_37772452.mp3	4248
common_voice_am_39362752.mp3	8676
common_voice_am_37817062.mp3	6660
common_voice_am_39362480.mp3	9288
common_voice_am_42492765.mp3	6228
common_voice_am_37805262.mp3	5724
common_voice_am_39362700.mp3	7956
common_voice_am_37791913.mp3	6048
common_voice_am_37767888.mp3	7812
common_voice_am_37768146.mp3	5688
common_voice_am_37811887.mp3	5472
common_voice_am_37814544.mp3	8784
common_voice_am_37805169.mp3	5076
common_voice_am_39362514.mp3	4176
common_voice_am_37802248.mp3	6156
common_voice_am_37791285.mp3	6840
common_voice_am_37782618.mp3	7200
common_voice_am_37809549.mp3	4428
common_voice_am_37791294.mp3	6840
common_voice_am_37815098.mp3	5868
common_voice_am_39936942.mp3	5256
common_voice_am_37790355.mp3	2700
common_voice_am_37805248.mp3	7452
common_voice_am_37802679.mp3	5796
common_voice_am_39643455.mp3	6588
common_voice_am_39362809.mp3	6840
common_voice_am_37782796.mp3	5436
common_voice_am_37790447.mp3	7956
common_voice_am_39991835.mp3	7704
common_voice_am_37802680.mp3	7848
common_voice_am_39967393.mp3	5652
common_voice_am_38399437.mp3	5220
common_voice_am_42422281.mp3	5436
common_voice_am_37814577.mp3	5328
common_voice_am_37782185.mp3	6408
common_voice_am_37782403.mp3	8568
common_voice_am_37778059.mp3	5508
common_voice_am_38629723.mp3	2916
common_voice_am_39922764.mp3	8172
common_voice_am_37952731.mp3	3456
common_voice_am_37805187.mp3	7884
common_voice_am_39922751.mp3	6336
common_voice_am_39643255.mp3	7056
common_voice_am_37817070.mp3	5940
common_voice_am_37814322.mp3	4932
common_voice_am_37791282.mp3	4860
common_voice_am_39936881.mp3	7308
common_voice_am_39362369.mp3	6660
common_voice_am_39936903.mp3	7848
common_voice_am_37761315.mp3	4176
common_voice_am_37815129.mp3	5328
common_voice_am_37782643.mp3	6768
common_voice_am_37782617.mp3	5940
common_voice_am_37817876.mp3	4968
common_voice_am_38630639.mp3	6840
common_voice_am_37888993.mp3	3456
common_voice_am_37817073.mp3	5724
common_voice_am_37802759.mp3	7560
common_voice_am_39643173.mp3	4788
common_voice_am_39643542.mp3	6876
common_voice_am_38224456.mp3	9576
common_voice_am_38630616.mp3	4140
common_voice_am_37842345.mp3	7236
common_voice_am_37767992.mp3	6984
common_voice_am_37802798.mp3	6516
common_voice_am_37791277.mp3	5400
common_voice_am_37805252.mp3	7524
common_voice_am_37790335.mp3	7488
common_voice_am_37782862.mp3	4536
common_voice_am_37802739.mp3	6588
common_voice_am_37815133.mp3	7668
common_voice_am_39922745.mp3	5724
common_voice_am_37809552.mp3	9504
common_voice_am_39936890.mp3	8676
common_voice_am_37791288.mp3	5796
common_voice_am_37802654.mp3	4716
common_voice_am_43227473.mp3	6516
common_voice_am_37805214.mp3	4860
common_voice_am_39643426.mp3	6948
common_voice_am_38629776.mp3	7056
common_voice_am_39643256.mp3	6228
common_voice_am_38583156.mp3	6120
common_voice_am_39936923.mp3	10260
common_voice_am_37814367.mp3	9792
common_voice_am_37790606.mp3	7956
common_voice_am_39991888.mp3	6048
common_voice_am_37768084.mp3	4464
common_voice_am_37782549.mp3	4320
common_voice_am_37782642.mp3	7308
common_voice_am_39936935.mp3	5220
common_voice_am_37791289.mp3	7128
common_voice_am_37774928.mp3	8496
common_voice_am_37768263.mp3	3060
common_voice_am_37814520.mp3	5184
common_voice_am_37782298.mp3	3636
common_voice_am_37767915.mp3	8136
common_voice_am_37802653.mp3	8136
common_voice_am_37782770.mp3	6624
common_voice_am_37938204.mp3	3996
common_voice_am_39967385.mp3	7236
common_voice_am_37782427.mp3	6228
common_voice_am_37802268.mp3	3888
common_voice_am_37779520.mp3	8244
common_voice_am_37791290.mp3	6156
common_voice_am_37782761.mp3	5112
common_voice_am_37802782.mp3	5616
common_voice_am_39362517.mp3	7920
common_voice_am_37779484.mp3	6372
common_voice_am_37842336.mp3	4248
common_voice_am_39643288.mp3	3600
common_voice_am_37814430.mp3	8424
common_voice_am_37768120.mp3	7740
common_voice_am_37782764.mp3	4752
common_voice_am_37814617.mp3	6372
common_voice_am_43184275.mp3	14256
common_voice_am_37814431.mp3	6876
common_voice_am_37805257.mp3	4716
common_voice_am_37782310.mp3	2700
common_voice_am_38630645.mp3	7236
common_voice_am_37782930.mp3	6552
common_voice_am_37790473.mp3	4608
common_voice_am_37782552.mp3	7056
common_voice_am_39991844.mp3	8208
common_voice_am_39643327.mp3	4968
common_voice_am_38629817.mp3	4248
common_voice_am_38586634.mp3	3636
common_voice_am_41527478.mp3	12960
common_voice_am_37768193.mp3	5328
common_voice_am_37814605.mp3	8208
common_voice_am_37782405.mp3	3852
common_voice_am_37805250.mp3	6084
common_voice_am_39643539.mp3	6516
common_voice_am_39362370.mp3	8028
common_voice_am_37767942.mp3	7776
common_voice_am_39922752.mp3	9864
common_voice_am_39922758.mp3	9756
common_voice_am_39967377.mp3	6372
common_voice_am_37768042.mp3	5292
common_voice_am_37802715.mp3	7668
common_voice_am_37768252.mp3	3060
common_voice_am_37805204.mp3	5976
common_voice_am_39643370.mp3	6948
common_voice_am_37767890.mp3	5724
common_voice_am_38331904.mp3	4428
common_voice_am_39643307.mp3	8028
common_voice_am_37952753.mp3	3348
common_voice_am_37790352.mp3	7236
common_voice_am_39936880.mp3	9540
common_voice_am_37888996.mp3	5940
common_voice_am_37814621.mp3	6660
common_voice_am_39936932.mp3	4500
common_voice_am_39967332.mp3	5796
common_voice_am_37790622.mp3	7200
common_voice_am_38583172.mp3	5400
common_voice_am_37814501.mp3	3348
common_voice_am_37791892.mp3	3780
common_voice_am_38224454.mp3	5724
common_voice_am_39936927.mp3	6660
common_voice_am_37791292.mp3	7056
common_voice_am_43184272.mp3	7596
common_voice_am_37802738.mp3	2700
common_voice_am_37782413.mp3	6696
common_voice_am_37802927.mp3	4860
common_voice_am_37790626.mp3	3708
common_voice_am_39936929.mp3	8820
common_voice_am_42422284.mp3	4896
common_voice_am_38583174.mp3	4356
common_voice_am_41706519.mp3	3384
common_voice_am_38630638.mp3	6048
common_voice_am_39936937.mp3	8676
common_voice_am_37790625.mp3	4860
common_voice_am_37817071.mp3	2880
common_voice_am_37790432.mp3	4608
common_voice_am_37802350.mp3	5436
common_voice_am_37768262.mp3	4536
common_voice_am_37791906.mp3	5796
common_voice_am_37790334.mp3	5688
common_voice_am_37790456.mp3	3420
common_voice_am_37790605.mp3	3960
common_voice_am_39936900.mp3	8856
common_voice_am_37805283.mp3	4428
common_voice_am_39936887.mp3	6516
common_voice_am_37802625.mp3	6840
common_voice_am_37802696.mp3	9288
common_voice_am_39936885.mp3	8316
common_voice_am_43325044.mp3	9108
common_voice_am_37802695.mp3	8748
common_voice_am_39362443.mp3	6228
common_voice_am_37888676.mp3	5148
common_voice_am_37822746.mp3	7092
common_voice_am_37814539.mp3	4788
common_voice_am_39936905.mp3	4608
common_voice_am_39936897.mp3	6948
common_voice_am_39362643.mp3	6696
common_voice_am_39643345.mp3	5436
common_voice_am_37805206.mp3	6480
common_voice_am_37782425.mp3	3600
common_voice_am_37782578.mp3	5076
common_voice_am_37767962.mp3	4500
common_voice_am_37768201.mp3	5760
common_voice_am_38629775.mp3	10116
common_voice_am_39936918.mp3	9468
common_voice_am_37807185.mp3	6696
common_voice_am_37782644.mp3	3240
common_voice_am_39643328.mp3	4500
common_voice_am_38629785.mp3	8928
common_voice_am_39362368.mp3	6588
common_voice_am_37768178.mp3	7776
common_voice_am_37782923.mp3	6912
common_voice_am_37809604.mp3	7272
common_voice_am_39936919.mp3	7488
common_voice_am_39922747.mp3	8568
common_voice_am_38583135.mp3	4608
common_voice_am_37782847.mp3	3636
common_voice_am_38670135.mp3	10296
common_voice_am_37782861.mp3	7164
common_voice_am_37774930.mp3	5544
common_voice_am_37782785.mp3	5652
common_voice_am_39936913.mp3	9036
common_voice_am_37814607.mp3	6732
common_voice_am_37790351.mp3	4500
common_voice_am_39967345.mp3	3924
common_voice_am_38399440.mp3	4788
common_voice_am_43227478.mp3	5868
common_voice_am_39643254.mp3	10296
common_voice_am_37782189.mp3	4968
common_voice_am_39991848.mp3	10296
common_voice_am_37782219.mp3	2448
common_voice_am_37952755.mp3	4896
common_voice_am_37814538.mp3	7344
common_voice_am_37802917.mp3	6588
common_voice_am_37897073.mp3	8280
common_voice_am_38053084.mp3	5220
common_voice_am_38399407.mp3	5616
common_voice_am_37890181.mp3	5796
common_voice_am_38629748.mp3	5616
common_voice_am_39362515.mp3	7560
common_voice_am_37888651.mp3	8388
common_voice_am_37814409.mp3	6372
common_voice_am_40192185.mp3	4176
common_voice_am_40123707.mp3	5976
common_voice_am_40882230.mp3	6660
common_voice_am_37888653.mp3	6696
common_voice_am_37782186.mp3	6768
common_voice_am_37802904.mp3	4140
common_voice_am_37791904.mp3	3564
common_voice_am_37772415.mp3	3816
common_voice_am_37768195.mp3	3924
common_voice_am_37809553.mp3	5220
common_voice_am_37791891.mp3	4572
common_voice_am_37952734.mp3	7776
common_voice_am_39362353.mp3	7848
common_voice_am_39631545.mp3	7956
common_voice_am_37822749.mp3	6696
common_voice_am_40192187.mp3	8100
common_voice_am_37782301.mp3	7308
common_voice_am_37805211.mp3	8388
common_voice_am_42492795.mp3	8748
common_voice_am_37802197.mp3	7956
common_voice_am_37768181.mp3	4140
common_voice_am_39967423.mp3	8136
common_voice_am_37782913.mp3	5004
common_voice_am_37772496.mp3	6624
common_voice_am_39643516.mp3	7920
common_voice_am_37807175.mp3	6408
common_voice_am_39936889.mp3	4608
common_voice_am_38630664.mp3	7308
common_voice_am_37805300.mp3	8676
common_voice_am_39643540.mp3	5040
common_voice_am_39643200.mp3	7200
common_voice_am_37817878.mp3	4860
common_voice_am_39991873.mp3	6840
common_voice_am_37802760.mp3	3456
common_voice_am_37814352.mp3	8028
common_voice_am_39906866.mp3	4824
common_voice_am_37805310.mp3	9324
common_voice_am_37805208.mp3	6156
common_voice_am_39936921.mp3	7416
common_voice_am_39936878.mp3	7668
common_voice_am_37782888.mp3	6408
common_voice_am_40192186.mp3	14004
common_voice_am_37782706.mp3	7092
common_voice_am_39936884.mp3	7668
common_voice_am_37814419.mp3	7596
common_voice_am_39991843.mp3	8280
common_voice_am_37814425.mp3	6516
common_voice_am_38630567.mp3	4248
common_voice_am_38630673.mp3	7020
common_voice_am_37890179.mp3	6336
common_voice_am_39969028.mp3	7416
common_voice_am_38629721.mp3	5688
common_voice_am_37802845.mp3	7056
common_voice_am_37815094.mp3	7164
common_voice_am_37814479.mp3	3564
common_voice_am_37805203.mp3	5040
common_voice_am_37802848.mp3	6516
common_voice_am_37817879.mp3	4392
common_voice_am_38586628.mp3	10116
common_voice_am_39936917.mp3	6768
common_voice_am_37772409.mp3	3492
common_voice_am_39362476.mp3	7128
common_voice_am_37768137.mp3	4572
common_voice_am_37814604.mp3	7920
common_voice_am_37782442.mp3	7596
common_voice_am_37842346.mp3	7200
common_voice_am_37815107.mp3	7416
common_voice_am_37809558.mp3	5760
common_voice_am_37791917.mp3	5580
common_voice_am_37782773.mp3	7632
common_voice_am_37782582.mp3	9900
common_voice_am_37802310.mp3	3528
common_voice_am_38583282.mp3	8208
common_voice_am_37761314.mp3	7164
common_voice_am_37782415.mp3	5328
common_voice_am_37782324.mp3	6516
common_voice_am_37767927.mp3	5652
common_voice_am_37811890.mp3	5400
common_voice_am_37890180.mp3	4068
common_voice_am_37814537.mp3	6696
common_voice_am_37805221.mp3	4788
common_voice_am_37811878.mp3	4428
common_voice_am_37791936.mp3	8316
common_voice_am_37888660.mp3	9756
common_voice_am_39936872.mp3	9756
common_voice_am_37814619.mp3	5256
common_voice_am_37782816.mp3	7488
common_voice_am_37814509.mp3	8316
common_voice_am_37890158.mp3	5148
common_voice_am_37802881.mp3	6336
common_voice_am_39967417.mp3	9648
common_voice_am_42249652.mp3	4428
common_voice_am_37809561.mp3	6876
common_voice_am_39643456.mp3	6120
common_voice_am_37802220.mp3	3060
common_voice_am_37790336.mp3	4896
common_voice_am_37774921.mp3	6480
common_voice_am_39922749.mp3	10116
common_voice_am_37805284.mp3	3384
common_voice_am_39956495.mp3	5040
common_voice_am_37814354.mp3	9072
common_voice_am_37814534.mp3	4716
common_voice_am_37897077.mp3	8136
common_voice_am_42249653.mp3	7596
common_voice_am_37890166.mp3	6516
common_voice_am_37778062.mp3	6372
common_voice_am_37805245.mp3	3708
common_voice_am_37782771.mp3	7668
common_voice_am_42422282.mp3	6336
common_voice_am_39643423.mp3	4788
common_voice_am_37774929.mp3	5652
common_voice_am_37805178.mp3	6516
common_voice_am_37815090.mp3	8892
common_voice_am_37814502.mp3	6516
common_voice_am_37782819.mp3	7020
common_voice_am_37812450.mp3	4644
common_voice_am_37774925.mp3	7056
common_voice_am_37768121.mp3	5292
common_voice_am_37814492.mp3	4680
common_voice_am_37814510.mp3	6696
common_voice_am_37802157.mp3	4896
common_voice_am_39936931.mp3	10080
common_voice_am_38630569.mp3	5148
common_voice_am_37807186.mp3	7200
common_voice_am_37807189.mp3	6660
common_voice_am_38629815.mp3	4860
common_voice_am_37782772.mp3	6768
common_voice_am_39991859.mp3	4752
common_voice_am_37811836.mp3	6552
common_voice_am_37761298.mp3	5508
common_voice_am_37814584.mp3	6228
common_voice_am_39936940.mp3	7488
common_voice_am_38629789.mp3	6588
common_voice_am_37768228.mp3	4572
common_voice_am_37805317.mp3	8640
common_voice_am_39643537.mp3	3888
common_voice_am_38630672.mp3	7488
common_voice_am_37815104.mp3	6084
common_voice_am_37805224.mp3	7056
common_voice_am_37767914.mp3	7848
common_voice_am_37782891.mp3	7164
common_voice_am_37814351.mp3	3096
common_voice_am_37814323.mp3	5868
common_voice_am_37791907.mp3	6588
common_voice_am_37811837.mp3	6804
common_voice_am_37822747.mp3	7092
common_voice_am_39967425.mp3	5868
common_voice_am_37890178.mp3	5076
common_voice_am_37782827.mp3	3240
common_voice_am_42674808.mp3	11052
common_voice_am_37791279.mp3	4140
common_voice_am_39967378.mp3	5364
common_voice_am_37768012.mp3	6444
common_voice_am_38586605.mp3	9468
common_voice_am_38399405.mp3	3780
common_voice_am_42422283.mp3	7956
common_voice_am_37768415.mp3	6480
common_voice_am_39936883.mp3	6480
common_voice_am_37779568.mp3	5400
common_voice_am_37814547.mp3	6120
common_voice_am_39362433.mp3	9360
common_voice_am_37805320.mp3	4680
common_voice_am_37802737.mp3	8028
common_voice_am_43227244.mp3	11808
common_voice_am_37817875.mp3	8028
common_voice_am_39643176.mp3	6228
common_voice_am_39991898.mp3	6408
common_voice_am_39643304.mp3	9468
common_voice_am_37782789.mp3	5040
common_voice_am_37802800.mp3	2700
common_voice_am_37805264.mp3	8028
common_voice_am_37814320.mp3	3708
common_voice_am_37774911.mp3	6300
common_voice_am_42492791.mp3	9360
common_voice_am_39991856.mp3	7308
common_voice_am_37888661.mp3	8820
common_voice_am_37817069.mp3	7344
common_voice_am_39362411.mp3	7200
common_voice_am_37802649.mp3	6660
common_voice_am_37805293.mp3	5544
common_voice_am_37767993.mp3	5976
common_voice_am_38629777.mp3	5076
common_voice_am_37814493.mp3	6480
common_voice_am_38630571.mp3	5220
common_voice_am_37782621.mp3	4500
common_voice_am_37782439.mp3	3924
common_voice_am_39936928.mp3	7236
common_voice_am_37805240.mp3	4176
common_voice_am_37805237.mp3	7164
common_voice_am_39991882.mp3	9180
common_voice_am_37768229.mp3	3816
common_voice_am_37782393.mp3	4788
common_voice_am_37791656.mp3	8748
common_voice_am_37805232.mp3	5976
common_voice_am_37802930.mp3	5076
common_voice_am_39991899.mp3	8244
common_voice_am_37768249.mp3	7380
common_voice_am_37790561.mp3	4608
common_voice_am_37815103.mp3	8496
common_voice_am_39362417.mp3	5328
common_voice_am_37768261.mp3	5832
common_voice_am_37778061.mp3	8676
common_voice_am_37814567.mp3	8856
common_voice_am_39967424.mp3	9108
common_voice_am_38399421.mp3	4140
common_voice_am_40123709.mp3	7308
common_voice_am_37809562.mp3	6012
common_voice_am_41527481.mp3	7488
common_voice_am_39936896.mp3	9396
common_voice_am_37814432.mp3	4644
common_voice_am_38630613.mp3	7488
common_voice_am_37792182.mp3	4140
common_voice_am_37811846.mp3	7020
common_voice_am_39991861.mp3	9468
common_voice_am_39936925.mp3	5076
common_voice_am_39922743.mp3	5760
common_voice_am_38629779.mp3	7308
common_voice_am_37802903.mp3	4896
common_voice_am_39936911.mp3	7056
common_voice_am_37782628.mp3	5400
common_voice_am_37802293.mp3	5328
common_voice_am_37888663.mp3	4968
common_voice_am_37809560.mp3	5652
common_voice_am_37792184.mp3	8028
common_voice_am_37841949.mp3	7380
common_voice_am_39362418.mp3	8748
common_voice_am_37790471.mp3	8640
common_voice_am_37842347.mp3	8136
common_voice_am_37778058.mp3	6372
common_voice_am_37814512.mp3	4932
common_voice_am_37768180.mp3	4320
common_voice_am_37805272.mp3	5508
common_voice_am_37782627.mp3	4320
common_voice_am_39643175.mp3	8928
common_voice_am_37842332.mp3	8280
common_voice_am_37782927.mp3	3492
common_voice_am_37782581.mp3	7956
common_voice_am_37782424.mp3	5868
common_voice_am_37802159.mp3	9180
common_voice_am_37812452.mp3	7200
common_voice_am_37768117.mp3	4824
common_voice_am_37779565.mp3	6012
common_voice_am_37805246.mp3	8244
common_voice_am_37802318.mp3	4968
common_voice_am_37768179.mp3	6192
common_voice_am_37890163.mp3	4716
common_voice_am_39643237.mp3	5580
common_voice_am_37782311.mp3	6336
common_voice_am_37782575.mp3	4356
common_voice_am_38629786.mp3	5076
common_voice_am_37782899.mp3	5400
common_voice_am_37805249.mp3	3924
common_voice_am_39922750.mp3	9864
common_voice_am_39362678.mp3	7200
common_voice_am_37782941.mp3	5076
common_voice_am_37809603.mp3	5076
common_voice_am_37815091.mp3	7236
common_voice_am_37782216.mp3	5616
common_voice_am_37791929.mp3	5796
common_voice_am_37778055.mp3	6732
common_voice_am_37814523.mp3	4536
common_voice_am_37782925.mp3	2628
common_voice_am_37782417.mp3	7596
common_voice_am_39643232.mp3	7668
common_voice_am_39922756.mp3	10044
common_voice_am_37782901.mp3	6192
common_voice_am_37767996.mp3	6732
common_voice_am_37767943.mp3	3348
common_voice_am_37790354.mp3	3240
common_voice_am_39643513.mp3	8460
common_voice_am_37782788.mp3	4608
common_voice_am_38331902.mp3	10440
common_voice_am_37952751.mp3	2880
common_voice_am_39362371.mp3	3888
common_voice_am_39936868.mp3	6156
common_voice_am_37782931.mp3	6876
common_voice_am_37790454.mp3	2700
common_voice_am_37814540.mp3	5832
common_voice_am_37814564.mp3	5796
common_voice_am_37802261.mp3	7236
common_voice_am_38583118.mp3	5796
common_voice_am_37805253.mp3	7812
common_voice_am_37805200.mp3	5868
common_voice_am_39362500.mp3	3780
common_voice_am_38630614.mp3	7236
common_voice_am_39956494.mp3	8748
common_voice_am_37938199.mp3	8820
common_voice_am_37782573.mp3	2880
common_voice_am_38399438.mp3	4356
common_voice_am_37817080.mp3	6516
common_voice_am_37782580.mp3	6768
common_voice_am_37790349.mp3	2736
common_voice_am_37802697.mp3	7560
common_voice_am_39362772.mp3	9648
common_voice_am_37805291.mp3	5148
common_voice_am_40955940.mp3	3420
common_voice_am_37802292.mp3	5580
common_voice_am_39991860.mp3	7524
common_voice_am_38586606.mp3	2988
common_voice_am_37790623.mp3	6948
common_voice_am_37802628.mp3	3456
common_voice_am_37782926.mp3	5112
common_voice_am_41527479.mp3	9396
common_voice_am_37790604.mp3	4356
common_voice_am_38630568.mp3	4860
common_voice_am_37805243.mp3	7596
common_voice_am_38583171.mp3	6696
common_voice_am_38583159.mp3	8640
common_voice_am_43353692.mp3	11556
common_voice_am_40882229.mp3	8028
common_voice_am_37814420.mp3	7272
common_voice_am_37772451.mp3	6480
common_voice_am_39362372.mp3	6228
common_voice_am_37814410.mp3	3780
common_voice_am_37791291.mp3	5076
common_voice_am_37814489.mp3	6228
common_voice_am_39922761.mp3	6444
common_voice_am_37782619.mp3	5832
common_voice_am_39936922.mp3	7740
common_voice_am_37802308.mp3	6840
common_voice_am_39362807.mp3	6048
common_voice_am_37805263.mp3	7452
common_voice_am_37802781.mp3	8460
common_voice_am_37811863.mp3	6768
common_voice_am_37809607.mp3	5184
common_voice_am_37802799.mp3	4896
common_voice_am_37791930.mp3	6228
common_voice_am_37814518.mp3	6264
common_voice_am_39638982.mp3	6156
common_voice_am_39643325.mp3	9180
common_voice_am_42249650.mp3	8928
common_voice_am_37790616.mp3	5940
common_voice_am_39362679.mp3	6768
common_voice_am_43414555.mp3	2016
common_voice_am_37802784.mp3	5976
common_voice_am_37815097.mp3	6408
common_voice_am_37802735.mp3	7740
